Frame,Timestamp,Vehicle_ID,Location_X,Location_Y,Velocity_X,Velocity_Y,Acceleration_X,Acceleration_Y
16115, 246.428, 0, -64.645, 24.471, -0.000, -0.002, 0.001, 0.007
16115, 246.428, 1, -67.255, 27.964, -0.000, 0.000, -0.000, 0.000
16115, 246.428, 2, -87.623, 12.967, 0.000, 0.000, 0.000, 0.000
16115, 246.428, 3, -84.933, 16.475, 0.000, 0.000, 0.000, 0.000
16115, 246.428, 4, -103.179, -14.435, 0.000, 0.000, 0.000, 0.000
16119, 246.479, 0, -64.645, 24.471, -0.000, -0.001, 0.001, 0.011
16119, 246.479, 1, -67.255, 27.964, -0.000, 0.000, 0.000, -0.000
16119, 246.479, 2, -87.623, 12.967, -0.000, -0.000, -0.000, -0.000
16119, 246.479, 3, -84.933, 16.475, 0.000, 0.000, 0.000, 0.000
16119, 246.479, 4, -103.179, -14.435, 0.000, 0.000, 0.000, 0.000
16123, 246.534, 0, -64.645, 24.471, -0.000, -0.001, 0.001, 0.008
16123, 246.534, 1, -67.255, 27.964, -0.000, 0.000, 0.000, -0.000
16123, 246.534, 2, -87.623, 12.967, -0.000, -0.000, -0.000, -0.000
16123, 246.534, 3, -84.933, 16.475, 0.000, -0.000, 0.000, 0.000
16123, 246.534, 4, -103.179, -14.435, 0.000, 0.000, 0.000, 0.000
16127, 246.596, 0, -64.645, 24.471, -0.000, -0.000, 0.000, 0.005
16127, 246.596, 1, -67.255, 27.964, -0.002, -0.011, -0.128, -0.894
16127, 246.596, 2, -87.623, 12.967, -0.000, -0.000, 0.000, -0.000
16127, 246.596, 3, -84.933, 16.475, 0.000, -0.000, 0.000, -0.000
16127, 246.596, 4, -103.179, -14.435, 0.000, 0.000, 0.000, 0.000
16131, 246.661, 0, -64.645, 24.471, -0.000, -0.000, 0.000, 0.002
16131, 246.661, 1, -67.254, 27.964, -0.001, -0.005, 0.012, 0.091
16131, 246.661, 2, -87.623, 12.967, 0.000, 0.024, -0.010, 1.288
16131, 246.661, 3, -84.933, 16.475, 0.000, -0.000, 0.000, 0.000
16131, 246.661, 4, -103.179, -14.435, 0.000, 0.000, 0.000, 0.000
16135, 246.725, 0, -64.645, 24.471, -0.000, -0.000, 0.000, 0.001
16135, 246.725, 1, -67.254, 27.964, -0.000, -0.001, 0.008, 0.061
16135, 246.725, 2, -87.623, 12.967, 0.000, 0.019, -0.001, -0.117
16135, 246.725, 3, -84.933, 16.475, 0.001, 0.005, -0.014, -0.092
16135, 246.725, 4, -103.179, -14.435, 0.000, -0.000, -0.000, -0.000
16138, 246.782, 0, -64.645, 24.471, -0.000, -0.000, 0.000, 0.000
16138, 246.782, 1, -67.254, 27.964, 0.000, 0.002, 0.005, 0.037
16138, 246.782, 2, -87.623, 12.967, 0.000, 0.012, 0.000, -0.116
16138, 246.782, 3, -84.933, 16.475, 0.000, 0.001, -0.011, -0.059
16138, 246.782, 4, -103.179, -14.435, -0.004, 0.000, -0.193, -0.009
16142, 246.847, 0, -64.645, 24.471, -0.000, -0.000, 0.000, 0.000
16142, 246.847, 1, -67.254, 27.964, 0.000, 0.003, 0.003, 0.014
16142, 246.847, 2, -87.635, 12.966, -0.371, 0.001, -6.145, -0.186
16142, 246.847, 3, -84.933, 16.475, -0.000, -0.001, -0.006, -0.032
16142, 246.847, 4, -103.179, -14.435, -0.000, 0.000, 0.037, -0.001
16146, 246.912, 0, -64.645, 24.471, -0.000, -0.000, 0.000, 0.000
16146, 246.912, 1, -67.254, 27.964, 0.000, 0.003, 0.000, -0.004
16146, 246.912, 2, -87.672, 12.966, -0.682, -0.010, -4.008, -0.145
16146, 246.912, 3, -84.941, 16.475, -0.292, -0.004, -7.068, -0.046
16146, 246.912, 4, -103.179, -14.435, 0.001, -0.000, 0.007, -0.000
16149, 246.967, 0, -64.645, 24.471, -0.000, 0.000, -0.000, 0.000
16149, 246.967, 1, -67.253, 27.964, 0.068, 0.003, 3.452, 0.009
16149, 246.967, 2, -87.713, 12.966, -0.801, -0.016, -2.032, -0.105
16149, 246.967, 3, -84.966, 16.474, -0.555, -0.008, -5.075, -0.146
16149, 246.967, 4, -103.179, -14.435, 0.001, -0.000, -0.000, -0.000
16152, 247.023, 0, -64.645, 24.471, -0.000, 0.000, -0.000, -0.000
16152, 247.023, 1, -67.242, 27.964, 0.304, 0.004, 4.391, 0.009
16152, 247.023, 2, -87.766, 12.965, -1.031, -0.023, -4.685, -0.124
16152, 247.023, 3, -85.004, 16.474, -0.775, -0.007, -5.257, -0.061
16152, 247.023, 4, -103.179, -14.435, 0.001, -0.000, -0.003, 0.000
16156, 247.085, 0, -64.645, 24.471, -0.000, 0.000, 0.000, -0.000
16156, 247.085, 1, -67.217, 27.964, 0.498, 0.006, 4.685, 0.010
16156, 247.085, 2, -87.841, 12.965, -1.349, -0.030, -5.081, -0.094
16156, 247.085, 3, -85.061, 16.474, -1.051, -0.007, -6.923, 0.029
16156, 247.085, 4, -103.179, -14.435, 0.000, -0.000, -0.003, 0.000
16160, 247.154, 0, -64.645, 24.471, -0.000, 0.000, 0.000, 0.000
16160, 247.154, 1, -67.173, 27.964, 0.680, 0.006, 1.170, 0.029
16160, 247.154, 2, -87.946, 12.963, -1.666, -0.035, -4.414, -0.064
16160, 247.154, 3, -85.144, 16.473, -1.350, -0.009, -5.943, -0.041
16160, 247.154, 4, -103.179, -14.435, 0.000, -0.002, -0.009, -0.081
16163, 247.226, 0, -64.645, 24.471, -0.000, 0.000, 0.000, -0.000
16163, 247.226, 1, -67.123, 27.965, 0.692, 0.006, 0.020, -0.002
16163, 247.226, 2, -88.079, 12.962, -1.966, -0.038, -4.066, -0.034
16163, 247.226, 3, -85.251, 16.473, -1.571, -0.008, -2.391, 0.009
16163, 247.226, 4, -103.179, -14.462, 0.015, -0.614, 0.199, -7.275
16166, 247.288, 0, -64.645, 24.471, -0.000, -0.000, 0.000, 0.000
16166, 247.288, 1, -67.070, 27.965, 0.953, 0.007, 3.136, 0.018
16166, 247.288, 2, -88.209, 12.960, -2.208, -0.040, -3.850, -0.026
16166, 247.288, 3, -85.356, 16.472, -1.796, -0.010, -2.924, -0.016
16166, 247.288, 4, -103.178, -14.510, 0.020, -0.876, 0.089, -3.576
16170, 247.351, 0, -64.645, 24.471, -0.000, 0.000, 0.000, 0.000
16170, 247.351, 1, -67.005, 27.965, 1.126, 0.009, 4.891, 0.044
16170, 247.351, 2, -88.356, 12.958, -2.444, -0.041, -3.680, -0.012
16170, 247.351, 3, -85.477, 16.472, -2.020, -0.010, -3.386, -0.015
16170, 247.351, 4, -103.176, -14.575, 0.026, -1.100, 0.054, -2.049
16173, 247.406, 0, -64.645, 24.471, -0.000, 0.000, -0.000, 0.000
16173, 247.406, 1, -66.942, 27.966, 1.155, 0.010, 0.335, 0.012
16173, 247.406, 2, -88.496, 12.956, -2.641, -0.041, -3.548, -0.009
16173, 247.406, 3, -85.592, 16.471, -2.183, -0.011, -3.553, -0.020
16173, 247.406, 4, -103.175, -14.639, 0.030, -1.247, 0.117, -3.461
16176, 247.463, 0, -64.645, 24.471, -0.000, 0.000, -0.000, 0.000
16176, 247.463, 1, -66.866, 27.966, 1.429, 0.012, 5.092, 0.030
16176, 247.463, 2, -88.654, 12.954, -2.840, -0.041, -3.413, -0.010
16176, 247.463, 3, -85.726, 16.471, -2.450, -0.012, -4.036, -0.022
16176, 247.463, 4, -103.173, -14.716, 0.033, -1.413, 0.054, -2.445
16179, 247.523, 0, -64.645, 24.471, -0.000, 0.000, 0.000, -0.000
16179, 247.523, 1, -66.777, 27.967, 1.554, 0.013, 4.567, 0.033
16179, 247.523, 2, -88.832, 12.952, -3.040, -0.042, -3.283, 0.001
16179, 247.523, 3, -85.880, 16.470, -2.670, -0.013, -5.145, -0.013
16179, 247.523, 4, -103.171, -14.804, 0.036, -1.535, 0.082, -3.976
16182, 247.580, 0, -64.645, 24.471, -0.000, -0.000, -0.000, -0.000
16182, 247.580, 1, -66.681, 27.968, 1.790, 0.016, 2.697, 0.023
16182, 247.580, 2, -89.009, 12.950, -3.221, -0.043, -3.177, -0.027
16182, 247.580, 3, -86.040, 16.469, -2.934, -0.015, -4.495, -0.027
16182, 247.580, 4, -103.169, -14.896, 0.039, -1.683, 0.052, -2.707
16184, 247.646, 0, -64.645, 24.471, -0.000, -0.000, 0.000, -0.000
16184, 247.646, 1, -66.546, 27.969, 2.157, 0.012, 3.158, -0.022
16184, 247.646, 2, -89.230, 12.947, -3.425, -0.045, -3.057, -0.032
16184, 247.646, 3, -86.245, 16.468, -3.226, -0.017, -4.426, -0.029
16184, 247.646, 4, -103.166, -15.012, 0.043, -1.836, 0.050, -2.043
16186, 247.697, 0, -64.645, 24.471, -0.000, -0.000, 0.000, -0.000
16186, 247.697, 1, -66.423, 27.969, 2.533, 0.013, 5.861, 0.021
16186, 247.697, 2, -89.409, 12.945, -3.577, -0.047, -2.956, -0.049
16186, 247.697, 3, -86.417, 16.467, -3.453, -0.018, -4.437, -0.031
16186, 247.697, 4, -103.164, -15.110, 0.045, -1.948, 0.051, -2.295
16189, 247.764, 0, -64.645, 24.471, 0.000, -0.000, 0.000, -0.000
16189, 247.764, 1, -66.235, 27.970, 3.022, 0.017, 6.432, 0.048
16189, 247.764, 2, -89.655, 12.941, -3.768, -0.050, -2.833, -0.048
16189, 247.764, 3, -86.658, 16.466, -3.755, -0.020, -4.620, -0.030
16189, 247.764, 4, -103.161, -15.246, 0.049, -2.111, 0.056, -1.899
16192, 247.823, 0, -64.645, 24.471, -0.000, -0.000, -0.000, 0.000
16192, 247.823, 1, -66.044, 27.971, 3.386, 0.019, 6.621, 0.038
16192, 247.823, 2, -89.883, 12.938, -3.932, -0.052, -2.732, -0.033
16192, 247.823, 3, -86.889, 16.465, -4.035, -0.021, -4.779, -0.018
16192, 247.823, 4, -103.158, -15.375, 0.053, -2.246, 0.046, -1.791
16195, 247.903, 0, -64.645, 24.471, -0.000, 0.000, -0.000, -0.000
16195, 247.903, 1, -65.749, 27.973, 3.919, 0.023, 7.069, 0.037
16195, 247.903, 2, -90.208, 12.933, -4.140, -0.116, -2.448, -2.008
16195, 247.903, 3, -87.231, 16.463, -4.424, -0.023, -4.846, -0.014
16195, 247.903, 4, -103.154, -15.563, 0.058, -2.427, 0.055, -2.395
16197, 247.956, 0, -64.645, 24.471, -0.000, 0.000, -0.000, 0.000
16197, 247.956, 1, -65.528, 27.974, 4.287, 0.025, 6.844, 0.044
16197, 247.956, 2, -90.433, 12.923, -4.251, -0.288, -2.119, -2.733
16197, 247.956, 3, -87.475, 16.462, -4.683, -0.024, -4.852, -0.027
16197, 247.956, 4, -103.151, -15.696, 0.061, -2.547, 0.075, -2.326
16200, 248.013, 0, -64.645, 24.471, -0.000, 0.000, -0.000, 0.000
16200, 248.013, 1, -65.272, 27.976, 4.674, 0.028, 6.816, 0.046
16200, 248.013, 2, -90.678, 12.906, -4.384, -0.351, -2.401, -0.628
16200, 248.013, 3, -87.750, 16.460, -4.929, -0.024, -3.632, -0.004
16200, 248.013, 4, -103.148, -15.844, 0.064, -2.666, 0.049, -1.710
16204, 248.077, 0, -64.645, 24.471, -0.000, 0.000, 0.000, 0.000
16204, 248.077, 1, -64.956, 27.977, 5.115, 0.030, 6.885, 0.040
16204, 248.077, 2, -90.966, 12.885, -4.536, -0.382, -2.353, -0.342
16204, 248.077, 3, -88.071, 16.459, -5.025, -0.025, 0.246, -0.004
16204, 248.077, 4, -103.144, -16.020, 0.068, -2.795, 0.045, -1.906
16208, 248.142, 0, -64.645, 24.471, -0.000, 0.000, -0.000, 0.000
16208, 248.142, 1, -64.610, 27.979, 5.460, 0.032, 2.438, -0.004
16208, 248.142, 2, -91.264, 12.863, -4.685, -0.404, -2.277, -0.308
16208, 248.142, 3, -88.390, 16.457, -4.853, -0.024, 3.658, 0.018
16208, 248.142, 4, -103.140, -16.206, 0.072, -2.942, 0.058, -2.254
16212, 248.210, 0, -64.645, 24.471, -0.000, -0.000, 0.000, -0.000
16212, 248.210, 1, -64.243, 27.982, 5.431, 0.031, -1.804, -0.009
16212, 248.210, 2, -91.587, 12.838, -4.834, -0.428, -2.191, -0.326
16212, 248.210, 3, -88.706, 16.456, -4.552, -0.023, 4.750, 0.024
16212, 248.210, 4, -103.135, -16.410, 0.076, -3.081, 0.061, -2.192
16215, 248.267, 0, -64.645, 24.471, 0.000, -0.000, 0.000, 0.000
16215, 248.267, 1, -63.931, 27.983, 5.709, 0.033, 14.866, 0.089
16215, 248.267, 2, -91.866, 12.815, -4.956, -0.449, -2.136, -0.199
16215, 248.267, 3, -88.955, 16.455, -4.267, -0.021, 5.109, 0.026
16215, 248.267, 4, -103.131, -16.589, 0.079, -3.196, 0.040, -1.856
16219, 248.327, 0, -64.619, 24.469, 0.887, -0.113, 16.945, -1.824
16219, 248.327, 1, -63.573, 27.985, 6.215, 0.036, 10.534, 0.077
16219, 248.327, 2, -92.167, 12.791, -5.081, -0.466, -2.077, -0.092
16219, 248.327, 3, -89.199, 16.453, -3.961, -0.020, 4.795, 0.025
16219, 248.327, 4, -103.127, -16.786, 0.083, -3.326, 0.038, -2.181
16223, 248.399, 0, -64.507, 24.460, 2.127, -0.215, 17.283, -1.173
16223, 248.399, 1, -63.101, 27.988, 6.722, 0.039, 5.860, 0.006
16223, 248.399, 2, -92.541, 12.760, -5.222, -0.483, -1.831, -0.196
16223, 248.399, 3, -89.476, 16.452, -3.784, -0.019, 1.201, -0.027
16223, 248.399, 4, -103.121, -17.032, 0.087, -3.489, 0.052, -2.277
16225, 248.450, 0, -64.373, 24.449, 3.006, -0.278, 17.223, -1.276
16225, 248.450, 1, -62.747, 27.990, 7.146, 0.041, 11.321, 0.049
16225, 248.450, 2, -92.806, 12.738, -5.170, -0.487, 0.865, -0.089
16225, 248.450, 3, -89.669, 16.451, -3.778, -0.020, -0.189, -0.010
16225, 248.450, 4, -103.117, -17.214, 0.091, -3.609, 0.080, -2.455
16227, 248.503, 0, -64.186, 24.434, 3.909, -0.339, 16.979, -0.878
16227, 248.503, 1, -62.348, 27.992, 7.688, 0.045, 8.903, 0.089
16227, 248.503, 2, -93.082, 12.714, -5.216, -0.498, -0.414, -0.049
16227, 248.503, 3, -89.873, 16.450, -3.861, -0.020, -1.954, 0.027
16227, 248.503, 4, -103.112, -17.411, 0.095, -3.746, 0.065, -2.603
16230, 248.559, 0, -63.937, 24.414, 4.848, -0.410, 16.659, -1.494
16230, 248.559, 1, -61.908, 27.995, 7.921, 0.047, -0.673, 0.011
16230, 248.559, 2, -93.376, 12.688, -5.256, -0.511, -0.367, -0.237
16230, 248.559, 3, -90.094, 16.449, -4.025, -0.020, -3.327, -0.012
16230, 248.559, 4, -103.107, -17.625, 0.100, -3.901, 0.096, -2.844
16233, 248.619, 0, -63.612, 24.385, 5.794, -0.683, 15.126, -5.342
16233, 248.619, 1, -61.432, 27.998, 7.918, 0.048, 1.537, 0.029
16233, 248.619, 2, -93.693, 12.659, -5.245, -0.506, 0.150, -0.028
16233, 248.619, 3, -90.346, 16.448, -4.258, -0.021, -4.077, -0.022
16233, 248.619, 4, -103.100, -17.866, 0.163, -4.078, 0.922, -3.023
16236, 248.684, 0, -63.204, 24.337, 6.724, -0.930, 14.055, -3.224
16236, 248.684, 1, -60.912, 28.001, 8.331, 0.046, 10.982, -0.061
16236, 248.684, 2, -94.031, 12.629, -5.266, -0.509, -1.674, -0.221
16236, 248.684, 3, -90.631, 16.446, -4.540, -0.024, -4.483, -0.044
16236, 248.684, 4, -103.090, -18.137, 0.194, -4.287, 0.350, -3.355
16239, 248.737, 0, -62.825, 24.286, 7.432, -1.093, 13.116, -2.230
16239, 248.737, 1, -60.456, 28.003, 8.783, 0.044, 7.512, -0.012
16239, 248.737, 2, -94.311, 12.603, -5.292, -0.514, -0.792, -0.016
16239, 248.737, 3, -90.880, 16.445, -4.784, -0.025, -4.651, 0.017
16239, 248.737, 4, -103.080, -18.370, 0.210, -4.475, 0.214, -3.638
16243, 248.799, 0, -62.334, 24.214, 8.188, -1.247, 11.632, -2.012
16243, 248.799, 1, -59.897, 28.006, 9.100, 0.043, 3.337, -0.008
16243, 248.799, 2, -94.640, 12.573, -5.328, -0.518, -1.947, -0.115
16243, 248.799, 3, -91.189, 16.443, -5.077, -0.026, -4.733, -0.031
16243, 248.799, 4, -103.068, -18.657, 0.226, -4.710, 0.162, -3.845
16246, 248.855, 0, -61.862, 24.141, 8.783, -1.380, 10.366, -2.584
16246, 248.855, 1, -59.393, 28.009, 9.104, 0.041, -1.048, -0.028
16246, 248.855, 2, -94.936, 12.545, -5.351, -0.523, 0.270, -0.051
16246, 248.855, 3, -91.479, 16.442, -5.341, -0.028, -4.805, -0.027
16246, 248.855, 4, -103.057, -18.924, 0.240, -4.926, 0.282, -3.931
16249, 248.905, 0, -61.407, 24.068, 9.254, -1.500, 8.687, -2.451
16249, 248.905, 1, -58.940, 28.011, 9.000, 0.040, -1.702, -0.036
16249, 248.905, 2, -95.203, 12.517, -5.281, -0.641, 2.191, -2.875
16249, 248.905, 3, -91.749, 16.443, -5.427, 0.101, -1.632, 2.901
16249, 248.905, 4, -103.046, -19.177, 0.251, -5.125, 0.262, -3.990
16253, 248.970, 0, -60.792, 23.966, 9.237, -1.560, -10.819, 0.884
16253, 248.970, 1, -58.360, 28.013, 8.756, 0.038, -4.234, -0.027
16253, 248.970, 2, -95.550, 12.473, -5.293, -0.760, -0.156, -1.280
16253, 248.970, 3, -92.108, 16.452, -5.549, 0.208, -2.512, 1.295
16253, 248.970, 4, -103.030, -19.520, 0.259, -5.265, -0.023, 0.773
16256, 249.021, 0, -60.347, 23.889, 8.082, -1.444, -26.562, 2.384
16256, 249.021, 1, -57.918, 28.015, 8.539, 0.037, -4.414, -0.029
16256, 249.021, 2, -95.820, 12.435, -5.253, -0.803, 0.479, -0.727
16256, 249.021, 3, -92.394, 16.461, -5.660, 0.246, -2.481, 0.686
16256, 249.021, 4, -103.018, -19.792, 0.261, -5.298, 0.035, -0.591
16260, 249.086, 0, -59.887, 23.806, 6.172, -1.182, -28.692, 3.876
16260, 249.086, 1, -57.374, 28.018, 8.255, 0.034, -3.963, -0.033
16260, 249.086, 2, -96.163, 12.383, -5.257, -0.923, 1.268, -3.286
16260, 249.086, 3, -92.771, 16.476, -5.895, 0.283, -2.308, 0.352
16260, 249.086, 4, -103.002, -20.143, 0.269, -5.436, 0.085, -1.462
16263, 249.141, 0, -59.590, 23.749, 4.869, -1.072, -21.905, 0.678
16263, 249.141, 1, -56.931, 28.020, 8.093, 0.033, -3.245, 0.005
16263, 249.141, 2, -96.448, 12.332, -5.263, -1.082, -2.583, -2.148
16263, 249.141, 3, -93.099, 16.490, -6.176, 0.311, -5.605, 0.174
16263, 249.141, 4, -102.987, -20.446, 0.284, -5.679, 0.180, -3.489
16267, 249.205, 0, -59.295, 23.680, 4.427, -1.302, -1.304, -4.509
16267, 249.205, 1, -56.415, 28.022, 7.932, 0.033, -2.177, -0.040
16267, 249.205, 2, -96.790, 12.264, -5.287, -1.173, -0.113, -0.955
16267, 249.205, 3, -93.509, 16.510, -6.465, 0.336, -5.714, 0.091
16267, 249.205, 4, -102.969, -20.820, 0.297, -5.917, 0.217, -4.603
16271, 249.263, 0, -59.030, 23.600, 4.786, -1.579, 7.199, -1.767
16271, 249.263, 1, -55.962, 28.024, 7.829, 0.031, -1.699, -0.039
16271, 249.263, 2, -97.096, 12.200, -5.282, -1.247, 0.581, -2.005
16271, 249.263, 3, -93.897, 16.528, -6.887, 0.360, -6.910, 0.157
16271, 249.263, 4, -102.952, -21.172, 0.313, -6.223, 0.200, -4.163
16275, 249.325, 0, -58.719, 23.499, 5.221, -1.681, 6.863, -1.434
16275, 249.325, 1, -55.477, 28.026, 7.756, 0.029, -0.941, -0.027
16275, 249.325, 2, -97.424, 12.122, -5.220, -1.429, 0.390, -1.657
16275, 249.325, 3, -94.340, 16.551, -7.256, 0.381, -5.241, 0.187
16275, 249.325, 4, -102.933, -21.569, 0.328, -6.502, 0.185, -3.651
16278, 249.377, 0, -58.442, 23.408, 5.556, -1.795, 6.275, -2.671
16278, 249.377, 1, -55.080, 28.027, 7.727, 0.028, 0.299, -0.019
16278, 249.377, 2, -97.691, 12.053, -5.151, -1.501, 0.260, -1.780
16278, 249.377, 3, -94.719, 16.570, -7.438, 0.393, -4.407, 0.359
16278, 249.377, 4, -102.916, -21.908, 0.339, -6.694, 0.275, -4.904
16282, 249.438, 0, -58.089, 23.287, 5.864, -2.144, 4.851, -5.817
16282, 249.438, 1, -54.603, 28.029, 7.773, 0.029, 1.862, 0.023
16282, 249.438, 2, -98.012, 11.965, -5.188, -1.590, -0.145, -1.392
16282, 249.438, 3, -95.187, 16.594, -7.681, 0.406, -1.800, 0.170
16282, 249.438, 4, -102.895, -22.330, 0.355, -6.997, 0.289, -5.332
16286, 249.498, 0, -57.725, 23.153, 6.186, -2.395, 5.286, -4.109
16286, 249.498, 1, -54.133, 28.031, 7.881, 0.028, 2.421, -0.021
16286, 249.498, 2, -98.323, 11.873, -5.118, -1.772, 1.017, -3.184
16286, 249.498, 3, -95.648, 16.618, -7.679, 0.405, -0.021, 0.022
16286, 249.498, 4, -102.873, -22.761, 0.371, -7.328, 0.280, -5.386
16289, 249.558, 0, -57.342, 23.005, 6.514, -2.597, 5.325, -3.506
16289, 249.558, 1, -53.656, 28.032, 8.037, 0.027, 3.848, -0.003
16289, 249.558, 2, -98.630, 11.772, -5.091, -1.875, -0.058, -1.900
16289, 249.558, 3, -96.111, 16.642, -7.900, 0.415, -10.755, 0.561
16289, 249.558, 4, -102.848, -23.210, 0.487, -7.619, 2.238, -6.079
16292, 249.612, 0, -56.983, 22.859, 6.750, -2.878, 3.771, -6.376
16292, 249.612, 1, -53.219, 28.034, 8.165, 0.027, 3.234, 0.007
16292, 249.612, 2, -98.904, 11.677, -5.067, -1.943, -0.011, -1.282
16292, 249.612, 3, -96.551, 16.665, -8.361, 0.438, -7.750, 0.387
16292, 249.612, 4, -102.822, -23.629, 0.569, -7.886, 1.356, -5.216
16295, 249.678, 0, -56.526, 22.660, 7.018, -3.237, 4.479, -4.477
16295, 249.678, 1, -52.675, 28.036, 8.283, 0.028, 0.295, 0.015
16295, 249.678, 2, -99.239, 11.556, -4.969, -2.046, 3.147, -1.853
16295, 249.678, 3, -97.119, 16.696, -8.784, 0.539, -5.713, 3.116
16295, 249.678, 4, -102.784, -24.161, 0.649, -8.191, 0.996, -3.625
16298, 249.748, 0, -56.020, 22.424, 7.314, -3.557, 4.078, -4.634
16298, 249.748, 1, -52.087, 28.038, 8.421, 0.029, 2.296, 0.014
16298, 249.748, 2, -99.588, 11.416, -4.933, -2.259, -0.358, -3.051
16298, 249.748, 3, -97.746, 16.744, -9.008, 0.875, -2.051, 4.160
16298, 249.748, 4, -102.740, -24.745, 0.725, -8.423, 1.240, -3.881
16301, 249.811, 0, -55.553, 22.195, 7.448, -3.724, -1.275, -1.202
16301, 249.811, 1, -51.557, 28.039, 8.462, 0.029, -0.062, -0.002
16301, 249.811, 2, -99.902, 11.281, -4.954, -2.354, 0.155, -1.416
16301, 249.811, 3, -98.312, 16.800, -8.987, 1.045, 1.667, 2.647
16301, 249.811, 4, -102.697, -25.281, 0.781, -8.590, 0.840, -1.660
16304, 249.875, 0, -55.076, 21.952, 7.310, -3.901, -2.703, -3.689
16304, 249.875, 1, -51.014, 28.041, 8.436, 0.029, -0.739, -0.004
16304, 249.875, 2, -100.223, 11.138, -4.945, -2.413, 0.354, -0.661
16304, 249.875, 3, -98.881, 16.870, -8.712, 1.317, 5.723, 5.783
16304, 249.875, 4, -102.648, -25.833, 0.895, -8.562, 2.515, 1.644
16308, 249.937, 0, -54.625, 21.706, 7.166, -4.087, -1.958, -2.329
16308, 249.937, 1, -50.495, 28.043, 8.323, 0.028, -1.884, -0.007
16308, 249.937, 2, -100.532, 10.996, -4.891, -2.515, 1.432, -3.135
16308, 249.937, 3, -99.409, 16.954, -8.350, 1.543, 5.533, 1.880
16308, 249.937, 4, -102.595, -26.358, 0.986, -8.348, 1.026, 4.167
16312, 250.002, 0, -54.167, 21.441, 7.001, -4.286, -3.522, -4.429
16312, 250.002, 1, -49.967, 28.045, 8.190, 0.027, -1.785, -0.027
16312, 250.002, 2, -100.844, 10.839, -4.755, -2.674, 1.662, -1.716
16312, 250.002, 3, -99.932, 17.051, -7.981, 1.754, 5.916, 5.358
16312, 250.002, 4, -102.536, -26.884, 1.035, -8.055, 0.506, 4.802
16316, 250.068, 0, -53.709, 21.153, 6.808, -4.513, -2.442, -2.688
16316, 250.068, 1, -49.431, 28.047, 8.067, 0.025, -1.882, -0.023
16316, 250.068, 2, -101.162, 10.669, -4.722, -2.789, 1.119, -1.166
16316, 250.068, 3, -100.447, 17.168, -7.677, 1.985, 3.353, 2.267
16316, 250.068, 4, -102.472, -27.405, 1.120, -7.752, 2.000, 4.600
16319, 250.119, 0, -53.361, 20.921, 6.694, -4.630, -1.809, -1.686
16319, 250.119, 1, -49.022, 28.048, 7.977, 0.024, -1.640, -0.017
16319, 250.119, 2, -101.405, 10.533, -4.639, -2.855, 1.424, -2.111
16319, 250.119, 3, -100.837, 17.267, -7.516, 2.146, 3.410, 4.237
16319, 250.119, 4, -102.418, -27.796, 1.205, -7.543, 1.159, 3.830
16322, 250.169, 0, -53.027, 20.687, 6.595, -4.722, -2.041, -1.890
16322, 250.169, 1, -48.625, 28.049, 7.906, 0.024, -1.268, -0.016
16322, 250.169, 2, -101.639, 10.394, -4.580, -3.014, 0.385, -3.300
16322, 250.169, 3, -101.210, 17.375, -7.328, 2.411, 3.550, 4.983
16322, 250.169, 4, -102.362, -28.169, 1.267, -7.380, 1.350, 2.835
16326, 250.227, 0, -52.645, 20.409, 6.492, -4.809, -1.901, -1.639
16326, 250.227, 1, -48.166, 28.051, 7.864, 0.023, -0.645, -0.014
16326, 250.227, 2, -101.909, 10.225, -4.546, -3.104, 0.819, -1.443
16326, 250.227, 3, -101.638, 17.512, -7.253, 2.581, 1.030, 3.168
16326, 250.227, 4, -102.294, -28.597, 1.341, -7.286, 1.384, 0.994
16330, 250.290, 0, -52.244, 20.107, 6.379, -4.902, -1.928, -1.605
16330, 250.290, 1, -47.677, 28.052, 7.849, 0.022, -0.351, -0.013
16330, 250.290, 2, -102.196, 10.040, -4.502, -3.170, 1.193, -0.788
16330, 250.290, 3, -102.093, 17.670, -7.271, 2.710, -0.006, 2.370
16330, 250.290, 4, -102.215, -29.051, 1.426, -7.298, 1.491, -0.476
16334, 250.355, 0, -51.818, 19.770, 6.502, -5.349, 1.284, -6.421
16334, 250.355, 1, -47.160, 28.053, 7.869, 0.022, 0.063, -0.005
16334, 250.355, 2, -102.493, 9.836, -4.316, -3.375, 4.359, -3.404
16334, 250.355, 3, -102.576, 17.854, -7.255, 3.072, 0.925, 4.837
16334, 250.355, 4, -102.125, -29.536, 1.518, -7.387, 1.345, -0.949
16338, 250.415, 0, -51.426, 19.444, 6.562, -5.649, 0.488, -4.642
16338, 250.415, 1, -46.689, 28.055, 7.956, 0.021, 2.225, -0.011
16338, 250.415, 2, -102.751, 9.642, -4.198, -3.510, 1.290, -2.263
16338, 250.415, 3, -103.014, 18.037, -7.356, 3.304, -1.801, 4.469
16338, 250.415, 4, -102.036, -29.981, 1.702, -7.528, 3.314, -3.015
16342, 250.475, 0, -51.041, 19.106, 5.965, -5.474, -15.984, 9.093
16342, 250.475, 1, -46.206, 28.056, 8.050, 0.022, 1.304, 0.017
16342, 250.475, 2, -103.008, 9.438, -4.124, -3.614, 1.404, -1.536
16342, 250.475, 3, -103.467, 18.236, -7.478, 3.468, -1.450, 3.031
16342, 250.475, 4, -101.935, -30.444, 1.866, -7.754, 2.805, -3.820
16346, 250.536, 0, -50.716, 18.806, 4.747, -4.510, -22.590, 19.539
16346, 250.536, 1, -45.718, 28.057, 8.149, 0.023, 1.231, 0.002
16346, 250.536, 2, -103.258, 9.227, -3.966, -3.770, 2.760, -2.147
16346, 250.536, 3, -103.919, 18.449, -7.430, 3.803, 1.692, 5.595
16346, 250.536, 4, -101.825, -30.920, 2.015, -7.975, 2.516, -3.485
16350, 250.601, 0, -50.449, 18.547, 3.713, -3.727, -6.560, 0.580
16350, 250.601, 1, -45.183, 28.059, 8.214, 0.023, 0.996, 0.002
16350, 250.601, 2, -103.520, 8.991, -3.841, -3.854, 1.852, -1.267
16350, 250.601, 3, -104.406, 18.697, -7.360, 3.987, 1.531, 2.900
16350, 250.601, 4, -101.697, -31.449, 2.134, -8.122, 1.543, -1.129
16354, 250.660, 0, -50.228, 18.318, 3.777, -4.010, 1.462, -4.250
16354, 250.660, 1, -44.696, 28.060, 8.260, 0.023, 0.449, 0.000
16354, 250.660, 2, -103.750, 8.769, -3.689, -4.023, 2.205, -2.956
16354, 250.660, 3, -104.838, 18.935, -7.121, 4.270, 4.737, 4.726
16354, 250.660, 4, -101.572, -31.932, 2.295, -8.129, 2.617, 0.644
16358, 250.720, 0, -50.002, 18.071, 3.756, -4.367, -0.349, -6.237
16358, 250.720, 1, -44.204, 28.062, 8.263, 0.023, -0.040, -0.001
16358, 250.720, 2, -103.975, 8.538, -3.594, -4.120, 1.374, -2.079
16358, 250.720, 3, -105.260, 19.186, -6.931, 4.395, 3.438, 2.333
16358, 250.720, 4, -101.441, -32.415, 2.365, -8.007, 0.909, 2.874
16362, 250.781, 0, -49.767, 17.796, 3.859, -4.676, 1.773, -5.166
16362, 250.781, 1, -43.699, 28.063, 8.231, 0.023, -0.818, -0.003
16362, 250.781, 2, -104.198, 8.293, -3.403, -4.256, 2.966, -2.146
16362, 250.781, 3, -105.683, 19.451, -6.767, 4.457, 3.068, 1.212
16362, 250.781, 4, -101.302, -32.900, 2.394, -7.795, 0.436, 3.768
16366, 250.850, 0, -49.494, 17.463, 4.030, -5.018, 2.207, -5.363
16366, 250.850, 1, -43.136, 28.065, 8.148, 0.022, -1.530, -0.004
16366, 250.850, 2, -104.438, 8.011, -3.254, -4.326, 2.290, -0.578
16366, 250.850, 3, -106.141, 19.758, -6.440, 4.670, 4.836, 2.816
16366, 250.850, 4, -101.145, -33.428, 2.399, -7.539, 0.044, 3.758
16370, 250.910, 0, -49.247, 17.153, 4.184, -5.337, 2.303, -5.677
16370, 250.910, 1, -42.652, 28.066, 8.088, 0.022, -0.920, -0.003
16370, 250.910, 2, -104.635, 7.761, -3.064, -4.471, 2.936, -2.518
16370, 250.910, 3, -106.526, 20.034, -6.284, 4.782, 2.762, 2.159
16370, 250.910, 4, -101.008, -33.872, 2.387, -7.308, 0.057, 3.478
16374, 250.968, 0, -48.996, 16.830, 4.342, -5.664, 2.473, -5.814
16374, 250.968, 1, -42.180, 28.067, 8.034, 0.022, -0.977, -0.003
16374, 250.968, 2, -104.823, 7.507, -2.965, -4.556, 1.957, -1.217
16374, 250.968, 3, -106.896, 20.311, -6.209, 4.847, 1.445, 1.485
16374, 250.968, 4, -100.871, -34.296, 2.466, -7.117, 1.522, 2.704
16378, 251.030, 0, -48.724, 16.466, 4.383, -6.107, 0.615, -7.264
16378, 251.030, 1, -41.686, 28.069, 7.982, 0.022, -0.834, -0.002
16378, 251.030, 2, -105.014, 7.235, -2.872, -4.624, 1.793, -1.033
16378, 251.030, 3, -107.278, 20.613, -6.016, 5.096, 3.309, 4.278
16378, 251.030, 4, -100.723, -34.734, 2.536, -7.031, 1.289, 0.836
16382, 251.096, 0, -48.428, 16.052, 4.491, -6.543, 1.625, -6.659
16382, 251.096, 1, -41.164, 28.070, 7.942, 0.022, -0.674, -0.002
16382, 251.096, 2, -105.207, 6.940, -2.641, -4.715, 3.758, -0.846
16382, 251.096, 3, -107.676, 20.949, -5.938, 5.276, 1.475, 2.617
16382, 251.096, 4, -100.559, -35.198, 2.631, -7.045, 1.590, -0.480
16386, 251.156, 0, -48.151, 15.646, 4.624, -6.923, 2.066, -6.410
16386, 251.156, 1, -40.686, 28.071, 7.946, 0.022, 0.560, 0.001
16386, 251.156, 2, -105.374, 6.666, -2.530, -4.790, 1.689, -1.830
16386, 251.156, 3, -108.038, 21.267, -5.940, 5.444, 0.052, 3.343
16386, 251.156, 4, -100.403, -35.626, 2.741, -7.153, 2.212, -2.541
16390, 251.214, 0, -47.877, 15.232, 4.750, -7.273, 1.782, -5.807
16390, 251.214, 1, -40.223, 28.073, 7.977, 0.022, 0.536, 0.001
16390, 251.214, 2, -105.527, 6.394, -2.330, -4.897, 3.646, -1.600
16390, 251.214, 3, -108.385, 21.588, -5.787, 5.739, 3.152, 5.077
16390, 251.214, 4, -100.242, -36.050, 2.962, -7.304, 3.911, -2.750
16394, 251.280, 0, -47.570, 14.752, 4.382, -7.185, -7.743, 4.446
16394, 251.280, 1, -39.696, 28.074, 8.001, 0.022, 0.048, 0.000
16394, 251.280, 2, -105.690, 6.080, -2.174, -4.938, 2.799, -0.308
16394, 251.280, 3, -108.770, 21.969, -5.687, 5.913, 2.096, 2.120
16394, 251.280, 4, -100.046, -36.541, 3.155, -7.480, 2.650, -2.074
16398, 251.344, 0, -47.311, 14.322, 3.616, -6.216, -15.293, 22.472
16398, 251.344, 1, -39.184, 28.075, 8.049, 0.022, 0.134, 0.000
16398, 251.344, 2, -105.834, 5.773, -1.940, -5.027, 4.108, -0.194
16398, 251.344, 3, -109.129, 22.349, -5.407, 6.177, 4.920, 3.319
16398, 251.344, 4, -99.846, -37.026, 3.322, -7.645, 2.376, -1.837
16402, 251.407, 0, -47.110, 13.971, 2.771, -5.239, -8.135, 2.608
16402, 251.407, 1, -38.672, 28.077, 8.106, 0.022, 0.844, 0.002
16402, 251.407, 2, -105.968, 5.461, -1.820, -5.134, 1.744, -2.466
16402, 251.407, 3, -109.473, 22.739, -5.233, 6.306, 3.391, 2.101
16402, 251.407, 4, -99.638, -37.516, 3.422, -7.704, 1.764, -0.818
16406, 251.465, 0, -46.950, 13.660, 2.680, -5.523, -1.069, -4.141
16406, 251.465, 1, -38.201, 28.078, 8.155, 0.022, 0.668, 0.002
16406, 251.465, 2, -106.080, 5.169, -1.547, -5.247, 6.364, -0.660
16406, 251.465, 3, -109.779, 23.101, -5.121, 6.361, 2.417, 1.044
16406, 251.465, 4, -99.444, -37.964, 3.463, -7.666, 0.376, 1.516
16410, 251.531, 0, -46.773, 13.292, 2.683, -5.746, -0.003, -3.483
16410, 251.531, 1, -37.666, 28.080, 8.168, 0.022, 0.257, 0.001
16410, 251.531, 2, -106.183, 4.836, -1.140, -5.232, 5.566, 0.565
16410, 251.531, 3, -110.109, 23.518, -4.801, 6.505, 4.921, 2.469
16410, 251.531, 4, -99.221, -38.461, 3.521, -7.445, 0.306, 4.082
16414, 251.593, 0, -46.610, 12.930, 2.497, -6.062, -3.530, -5.572
16414, 251.593, 1, -37.164, 28.081, 8.173, 0.022, 0.310, 0.001
16414, 251.593, 2, -106.262, 4.522, -0.887, -5.278, 3.853, -0.020
16414, 251.593, 3, -110.405, 23.915, -4.623, 6.572, 2.968, 1.643
16414, 251.593, 4, -99.010, -38.914, 3.510, -7.202, -0.465, 4.321
16417, 251.644, 0, -46.479, 12.610, 2.432, -6.326, -1.208, -5.201
16417, 251.644, 1, -36.741, 28.082, 8.165, 0.022, 2.244, 0.006
16417, 251.644, 2, -106.319, 4.256, -0.752, -5.307, 2.798, -0.451
16417, 251.644, 3, -110.647, 24.253, -4.537, 6.607, 1.855, 0.775
16417, 251.644, 4, -98.834, -39.283, 3.478, -6.988, -0.160, 3.510
16421, 251.707, 0, -46.325, 12.204, 2.411, -6.653, -0.215, -5.331
16421, 251.707, 1, -36.232, 28.083, 8.112, 0.022, -1.188, -0.003
16421, 251.707, 2, -106.380, 3.931, -0.629, -5.347, 1.957, 0.256
16421, 251.707, 3, -110.929, 24.666, -4.292, 6.732, 5.336, 2.601
16421, 251.707, 4, -98.623, -39.715, 3.448, -6.774, -0.515, 3.203
16425, 251.767, 0, -46.181, 11.793, 2.259, -7.025, -4.213, -6.736
16425, 251.767, 1, -35.744, 28.085, 8.092, 0.022, 0.098, 0.000
16425, 251.767, 2, -106.433, 3.616, -0.540, -5.380, 1.456, -0.930
16425, 251.767, 3, -111.187, 25.070, -4.121, 6.843, 2.332, 1.719
16425, 251.767, 4, -98.419, -40.120, 3.503, -6.624, 1.717, 2.074
16428, 251.818, 0, -46.066, 11.429, 2.119, -7.355, -2.091, -6.401
16428, 251.818, 1, -35.336, 28.086, 8.044, 0.022, -0.856, -0.002
16428, 251.818, 2, -106.473, 3.351, -0.478, -5.367, 0.864, -0.767
16428, 251.818, 3, -111.395, 25.415, -3.925, 6.955, 5.335, 3.037
16428, 251.818, 4, -98.244, -40.455, 3.570, -6.557, 1.483, 0.567
16432, 251.881, 0, -45.932, 10.953, 2.021, -7.755, -1.035, -6.284
16432, 251.881, 1, -34.830, 28.087, 8.010, 0.022, -0.533, -0.001
16432, 251.881, 2, -106.518, 3.017, -0.419, -5.434, 0.426, -1.761
16432, 251.881, 3, -111.640, 25.854, -3.689, 7.119, 2.273, 2.112
16432, 251.881, 4, -98.021, -40.872, 3.688, -6.582, 2.094, -0.998
16436, 251.940, 0, -45.812, 10.478, 1.960, -8.132, -0.835, -6.234
16436, 251.940, 1, -34.352, 28.089, 8.002, 0.022, -0.315, -0.001
16436, 251.940, 2, -106.557, 2.696, -0.374, -5.486, 0.451, -0.610
16436, 251.940, 3, -111.863, 26.279, -3.581, 7.243, 1.242, 1.899
16436, 251.940, 4, -97.801, -41.271, 3.839, -6.694, 2.761, -2.453
16440, 252.003, 0, -45.691, 9.956, 1.803, -8.502, -4.248, -5.731
16440, 252.003, 1, -33.851, 28.090, 7.987, 0.022, -0.726, -0.002
16440, 252.003, 2, -106.594, 2.357, -0.328, -5.505, 0.492, 0.196
16440, 252.003, 3, -112.089, 26.733, -3.383, 7.382, 5.294, 2.573
16440, 252.003, 4, -97.560, -41.699, 4.003, -6.844, 2.292, -2.109
16444, 252.068, 0, -45.579, 9.396, 1.517, -8.590, -4.936, 5.863
16444, 252.068, 1, -33.332, 28.091, 7.990, 0.022, -0.856, -0.002
16444, 252.068, 2, -106.627, 2.003, -0.231, -5.543, 1.915, -1.472
16444, 252.068, 3, -112.307, 27.213, -3.148, 7.511, 2.516, 1.500
16444, 252.068, 4, -97.298, -42.152, 4.217, -6.987, 4.306, -1.878
16448, 252.131, 0, -45.494, 8.896, 1.133, -7.181, -5.888, 28.832
16448, 252.131, 1, -32.825, 28.093, 8.032, 0.022, -0.121, -0.000
16448, 252.131, 2, -106.653, 1.657, -0.159, -5.571, 0.649, -0.970
16448, 252.131, 3, -112.507, 27.686, -3.018, 7.579, 1.505, 0.779
16448, 252.131, 4, -97.029, -42.600, 4.435, -7.088, 2.690, -1.271
16452, 252.189, 0, -45.438, 8.531, 0.843, -5.428, -4.695, 30.150
16452, 252.189, 1, -32.355, 28.094, 8.068, 0.022, -0.353, -0.001
16452, 252.189, 2, -106.673, 1.333, -0.128, -5.615, 0.381, 0.354
16452, 252.189, 3, -112.684, 28.127, -2.820, 7.650, 5.506, 1.504
16452, 252.189, 4, -96.772, -43.018, 4.560, -7.121, 1.457, 0.180
16456, 252.248, 0, -45.400, 8.263, 0.488, -3.904, -8.165, 15.563
16456, 252.248, 1, -31.876, 28.095, 8.108, 0.022, -0.072, -0.000
16456, 252.248, 2, -106.691, 1.003, -0.097, -5.637, 0.408, -0.359
16456, 252.248, 3, -112.848, 28.578, -2.578, 7.708, 2.826, 0.605
16456, 252.248, 4, -96.506, -43.440, 4.589, -7.032, -0.180, 2.311
16460, 252.311, 0, -45.378, 8.022, 0.214, -3.826, -1.392, 0.063
16460, 252.311, 1, -31.363, 28.097, 8.133, 0.022, 1.988, 0.005
16460, 252.311, 2, -106.707, 0.649, -0.066, -5.643, 0.383, -0.904
16460, 252.311, 3, -113.010, 29.063, -2.314, 7.742, 5.959, 0.844
16460, 252.311, 4, -96.222, -43.881, 4.571, -6.809, 0.378, 4.255
16464, 252.374, 0, -45.365, 7.785, 0.208, -3.814, 0.498, 0.242
16464, 252.374, 1, -30.853, 28.098, 8.130, 0.022, -0.058, -0.000
16464, 252.374, 2, -106.720, 0.297, -0.040, -5.657, 0.239, -1.067
16464, 252.374, 3, -113.152, 29.546, -2.017, 7.779, 3.027, 0.610
16464, 252.374, 4, -95.942, -44.302, 4.542, -6.536, -0.653, 4.053
16468, 252.435, 0, -45.354, 7.555, 0.211, -3.801, -0.107, 0.226
16468, 252.435, 1, -30.360, 28.099, 8.123, 0.022, 0.153, 0.000
16468, 252.435, 2, -106.731, -0.046, -0.022, -5.673, 0.211, -0.320
16468, 252.435, 3, -113.276, 30.016, -1.870, 7.804, 1.760, 0.345
16468, 252.435, 4, -95.674, -44.694, 4.490, -6.303, -0.829, 3.554
16472, 252.496, 0, -45.344, 7.324, 0.178, -3.788, -0.563, 0.204
16472, 252.496, 1, -29.862, 28.101, 8.108, 0.022, -1.058, -0.003
16472, 252.496, 2, -106.739, -0.393, -0.003, -5.689, 0.220, -0.327
16472, 252.496, 3, -113.392, 30.493, -1.656, 7.849, 5.682, 1.028
16472, 252.496, 4, -95.405, -45.078, 4.454, -6.120, -0.445, 2.557
16476, 252.558, 0, -45.335, 7.090, 0.138, -3.775, -0.518, 0.205
16476, 252.558, 1, -29.360, 28.102, 8.090, 0.022, -0.178, -0.000
16476, 252.558, 2, -106.746, -0.745, 0.016, -5.697, 0.201, -0.578
16476, 252.558, 3, -113.489, 30.980, -1.244, 7.905, 5.862, 1.087
16476, 252.558, 4, -95.133, -45.457, 4.502, -5.999, 2.185, 1.896
16480, 252.619, 0, -45.327, 6.860, 0.111, -3.763, -0.345, 0.209
16480, 252.619, 1, -28.866, 28.104, 8.066, 0.022, -0.687, -0.002
16480, 252.619, 2, -106.751, -1.093, 0.030, -5.720, 0.177, 0.425
16480, 252.619, 3, -113.564, 31.462, -0.965, 7.969, 3.752, 0.786
16480, 252.619, 4, -94.859, -45.826, 4.639, -5.953, 1.791, 0.486
16484, 252.678, 0, -45.321, 6.640, 0.090, -3.751, -0.261, 0.209
16484, 252.678, 1, -28.393, 28.105, 8.058, 0.022, -0.330, -0.001
16484, 252.678, 2, -106.755, -1.429, 0.044, -5.737, 0.182, -0.224
16484, 252.678, 3, -113.624, 31.930, -0.792, 8.032, 2.186, 1.056
16484, 252.678, 4, -94.587, -46.181, 4.800, -5.996, 2.877, -1.116
16488, 252.741, 0, -45.316, 6.399, 0.075, -3.894, -0.163, -3.429
16488, 252.741, 1, -27.883, 28.106, 8.026, 0.022, -1.207, -0.003
16488, 252.741, 2, -106.757, -1.792, 0.058, -5.734, 0.162, 0.521
16488, 252.741, 3, -113.678, 32.439, -0.679, 8.082, 1.171, 0.541
16488, 252.741, 4, -94.282, -46.568, 4.979, -6.078, 2.541, -1.222
16492, 252.801, 0, -45.311, 6.159, 0.065, -4.134, -0.075, -4.312
16492, 252.801, 1, -27.400, 28.108, 8.093, 0.022, 1.059, 0.003
16492, 252.801, 2, -106.758, -2.137, 0.072, -5.775, 0.155, -1.606
16492, 252.801, 3, -113.722, 32.924, -0.614, 8.127, 0.455, 0.715
16492, 252.801, 4, -93.981, -46.942, 5.199, -6.223, 3.826, -2.773
16496, 252.860, 0, -45.307, 5.903, 0.059, -4.416, -0.037, -4.935
16496, 252.860, 1, -26.919, 28.109, 8.053, 0.022, -0.852, -0.002
16496, 252.860, 2, -106.758, -2.481, 0.083, -5.784, 0.101, 0.308
16496, 252.860, 3, -113.762, 33.409, -0.594, 8.146, 0.010, 0.077
16496, 252.860, 4, -93.668, -47.321, 5.440, -6.318, 4.537, -0.252
16500, 252.919, 0, -45.304, 5.637, 0.054, -4.720, -0.064, -5.365
16500, 252.919, 1, -26.449, 28.110, 8.057, 0.022, -0.282, -0.001
16500, 252.919, 2, -106.757, -2.819, 0.084, -5.802, -0.156, -0.158
16500, 252.919, 3, -113.799, 33.883, -0.589, 8.144, -0.087, -0.188
16500, 252.919, 4, -93.350, -47.693, 5.624, -6.302, 2.193, 0.516
16504, 252.982, 0, -45.300, 5.325, 0.048, -5.074, -0.078, -5.688
16504, 252.982, 1, -25.937, 28.112, 8.041, 0.022, 0.137, 0.000
16504, 252.982, 2, -106.755, -3.187, 0.084, -5.796, 0.025, 0.137
16504, 252.982, 3, -113.838, 34.399, -0.592, 8.113, -0.088, -0.757
16504, 252.982, 4, -92.996, -48.096, 5.667, -6.189, -0.214, 2.464
16508, 253.045, 0, -45.297, 4.992, 0.042, -5.439, -0.070, -5.846
16508, 253.045, 1, -25.429, 28.113, 8.027, 0.022, -1.435, -0.004
16508, 253.045, 2, -106.753, -3.553, 0.088, -5.799, 0.010, 0.392
16508, 253.045, 3, -113.875, 34.909, -0.510, 8.081, 3.300, -0.578
16508, 253.045, 4, -92.646, -48.485, 5.611, -5.994, -1.538, 3.460
16512, 253.104, 0, -45.295, 4.661, 0.034, -5.786, -0.142, -5.928
16512, 253.104, 1, -24.955, 28.114, 8.058, 0.022, -0.360, -0.001
16512, 253.104, 2, -106.750, -3.894, 0.092, -5.828, 0.032, -0.442
16512, 253.104, 3, -113.903, 35.383, -0.402, 8.056, 1.175, -0.373
16512, 253.104, 4, -92.323, -48.835, 5.552, -5.754, -0.392, 4.966
16516, 253.162, 0, -45.293, 4.317, 0.026, -6.128, -0.100, -5.952
16516, 253.162, 1, -24.490, 28.116, 8.078, 0.022, 0.685, 0.002
16516, 253.162, 2, -106.747, -4.230, 0.095, -5.846, 0.018, -0.389
16516, 253.162, 3, -113.926, 35.846, -0.351, 8.038, 0.661, -0.225
16516, 253.162, 4, -92.010, -49.163, 5.510, -5.491, -0.946, 4.060
16520, 253.230, 0, -45.291, 3.884, 0.018, -6.534, -0.111, -5.930
16520, 253.230, 1, -23.938, 28.117, 8.103, 0.022, 2.050, 0.006
16520, 253.230, 2, -106.743, -4.629, 0.098, -5.844, 0.054, -0.137
16520, 253.230, 3, -113.951, 36.393, -0.317, 8.023, 0.335, -0.274
16520, 253.230, 4, -91.642, -49.535, 5.472, -5.264, 0.445, 2.515
16524, 253.292, 0, -45.290, 3.466, 0.011, -6.899, -0.109, -5.871
16524, 253.292, 1, -23.437, 28.118, 8.101, 0.022, 0.147, 0.000
16524, 253.292, 2, -106.739, -4.992, 0.102, -5.853, 0.048, -0.321
16524, 253.292, 3, -113.971, 36.890, -0.299, 8.026, 0.129, 0.383
16524, 253.292, 4, -91.309, -49.862, 5.488, -5.138, 0.500, 1.474
16528, 253.359, 0, -45.289, 2.989, 0.003, -7.289, -0.094, -5.784
16528, 253.359, 1, -22.895, 28.120, 8.093, 0.022, -0.268, -0.001
16528, 253.359, 2, -106.734, -5.383, 0.105, -5.842, 0.017, -0.347
16528, 253.359, 3, -113.992, 37.429, -0.293, 8.032, -0.010, -0.195
16528, 253.359, 4, -90.945, -50.210, 5.577, -5.094, 1.887, 0.060
16532, 253.415, 0, -45.289, 2.571, -0.003, -7.609, -0.091, -5.689
16532, 253.415, 1, -22.442, 28.121, 8.111, 0.022, -0.148, -0.000
16532, 253.415, 2, -106.729, -5.711, 0.108, -5.900, 0.016, -0.692
16532, 253.415, 3, -114.009, 37.880, -0.295, 8.079, -0.075, 0.364
16532, 253.415, 4, -90.632, -50.500, 5.776, -5.102, 4.280, 0.958
16536, 253.475, 0, -45.290, 2.104, -0.009, -7.945, -0.096, -5.577
16536, 253.475, 1, -21.956, 28.122, 8.104, 0.022, -0.274, -0.001
16536, 253.475, 2, -106.724, -6.063, 0.107, -5.774, -0.128, 7.949
16536, 253.475, 3, -114.027, 38.365, -0.299, 8.104, -0.091, 0.313
16536, 253.475, 4, -90.285, -50.810, 5.949, -5.041, 1.815, 1.087
16540, 253.540, 0, -45.290, 1.570, -0.016, -8.303, -0.097, -5.280
16540, 253.540, 1, -21.427, 28.124, 8.081, 0.022, -0.500, -0.001
16540, 253.540, 2, -106.718, -6.440, 0.110, -5.755, 0.037, -0.657
16540, 253.540, 3, -114.047, 38.897, -0.301, 8.114, -0.004, -0.058
16540, 253.540, 4, -89.899, -51.143, 6.004, -4.931, 0.373, 1.973
16544, 253.599, 0, -45.291, 1.075, -0.021, -8.574, -0.084, -4.184
16544, 253.599, 1, -20.955, 28.125, 8.074, 0.022, -0.050, -0.000
16544, 253.599, 2, -106.713, -6.776, 0.111, -5.760, 0.008, -0.249
16544, 253.599, 3, -114.065, 39.373, -0.303, 8.128, -0.044, 0.233
16544, 253.599, 4, -89.554, -51.433, 5.965, -4.783, -1.290, 2.799
16548, 253.657, 0, -45.293, 0.568, -0.025, -8.585, -0.040, 6.597
16548, 253.657, 1, -20.483, 28.126, 8.067, 0.022, -0.118, -0.000
16548, 253.657, 2, -106.707, -7.114, 0.112, -5.775, 0.017, -0.285
16548, 253.657, 3, -114.082, 39.849, -0.255, 8.129, 1.523, -0.091
16548, 253.657, 4, -89.213, -51.713, 5.888, -4.565, -0.872, 4.806
16552, 253.722, 0, -45.294, 0.055, -0.024, -7.290, 0.049, 25.436
16552, 253.722, 1, -19.965, 28.128, 8.052, 0.022, -0.463, -0.001
16552, 253.722, 2, -106.701, -7.485, 0.114, -5.777, 0.029, -0.265
16552, 253.722, 3, -114.097, 40.371, -0.203, 8.108, 0.504, -0.638
16552, 253.722, 4, -88.844, -52.003, 5.796, -4.289, -1.409, 3.758
16556, 253.785, 0, -45.296, -0.346, -0.019, -5.510, 0.059, 24.865
16556, 253.785, 1, -19.456, 28.129, 8.038, 0.022, -0.456, -0.001
16556, 253.785, 2, -106.694, -7.851, 0.105, -5.770, -0.284, 0.423
16556, 253.785, 3, -114.110, 40.884, -0.179, 8.084, 0.274, -0.694
16556, 253.785, 4, -88.487, -52.273, 5.682, -4.065, -1.650, 3.256
16560, 253.843, 0, -45.297, -0.649, -0.022, -5.222, -0.099, -5.481
16560, 253.843, 1, -18.989, 28.131, 8.054, 0.022, 0.266, 0.001
16560, 253.843, 2, -106.689, -8.187, 0.097, -5.805, -0.062, -1.233
16560, 253.843, 3, -114.121, 41.354, -0.166, 8.080, 0.096, -0.217
16560, 253.843, 4, -88.166, -52.510, 5.596, -3.896, -0.852, 2.496
16564, 253.901, 0, -45.298, -0.957, -0.026, -5.497, -0.040, -4.716
16564, 253.901, 1, -18.525, 28.132, 8.062, 0.022, 0.228, 0.001
16564, 253.901, 2, -106.684, -8.522, 0.095, -5.819, -0.037, -0.396
16564, 253.901, 3, -114.131, 41.819, -0.161, 8.071, 0.024, -0.098
16564, 253.901, 4, -87.849, -52.736, 5.559, -3.784, -0.191, 1.492
16568, 253.963, 0, -45.300, -1.307, -0.028, -5.803, -0.038, -5.036
16568, 253.963, 1, -18.025, 28.133, 8.060, 0.022, -0.275, -0.001
16568, 253.963, 2, -106.679, -8.883, 0.093, -5.818, -0.031, 0.354
16568, 253.963, 3, -114.141, 42.320, -0.159, 8.056, 0.003, -0.432
16568, 253.963, 4, -87.508, -52.974, 5.611, -3.678, 1.527, 2.449
16572, 254.026, 0, -45.302, -1.683, -0.030, -6.128, -0.032, -5.258
16572, 254.026, 1, -17.519, 28.135, 8.061, 0.022, 0.108, 0.000
16572, 254.026, 2, -106.673, -9.249, 0.092, -5.817, -0.007, -0.144
16572, 254.026, 3, -114.151, 42.827, -0.159, 8.055, -0.020, 0.056
16572, 254.026, 4, -87.156, -53.208, 5.745, -3.596, 2.579, 0.525
16576, 254.089, 0, -45.304, -2.078, -0.033, -6.464, -0.042, -5.405
16576, 254.089, 1, -17.013, 28.136, 8.068, 0.022, -0.077, -0.000
16576, 254.089, 2, -106.667, -9.615, 0.092, -5.826, -0.009, -0.146
16576, 254.089, 3, -114.161, 43.334, -0.160, 8.060, -0.020, -0.166
16576, 254.089, 4, -86.793, -53.441, 5.939, -3.594, 3.496, -0.243
16580, 254.147, 0, -45.306, -2.464, -0.033, -6.781, 0.015, -5.466
16580, 254.147, 1, -16.543, 28.137, 8.083, 0.022, 0.012, 0.000
16580, 254.147, 2, -106.662, -9.955, 0.092, -5.859, -0.012, 0.136
16580, 254.147, 3, -114.171, 43.804, -0.160, 8.081, 0.006, 0.161
16580, 254.147, 4, -86.446, -53.657, 6.145, -3.625, 3.091, -0.407
16584, 254.209, 0, -45.308, -2.894, -0.033, -7.119, -0.007, -5.488
16584, 254.209, 1, -16.044, 28.139, 8.085, 0.022, -0.185, -0.001
16584, 254.209, 2, -106.657, -10.317, 0.092, -5.862, -0.009, 0.207
16584, 254.209, 3, -114.181, 44.303, -0.162, 8.090, -0.055, -0.049
16584, 254.209, 4, -86.066, -53.887, 6.281, -3.626, 1.417, 0.288
16588, 254.271, 0, -45.310, -3.354, -0.035, -7.464, -0.051, -5.471
16588, 254.271, 1, -15.536, 28.140, 8.086, 0.022, -0.024, -0.000
16588, 254.271, 2, -106.651, -10.688, 0.092, -5.904, 0.000, -0.161
16588, 254.271, 3, -114.191, 44.813, -0.163, 8.100, 0.038, -0.027
16588, 254.271, 4, -85.674, -54.119, 6.317, -3.521, 0.636, 3.159
16592, 254.332, 0, -45.312, -3.819, -0.038, -7.794, -0.034, -5.417
16592, 254.332, 1, -15.046, 28.141, 8.088, 0.022, 0.546, 0.001
16592, 254.332, 2, -106.645, -11.046, 0.092, -5.892, 0.004, 0.004
16592, 254.332, 3, -114.201, 45.305, -0.164, 8.111, -0.054, 0.696
16592, 254.332, 4, -85.297, -54.332, 6.235, -3.326, -2.587, 3.118
16596, 254.389, 0, -45.315, -4.274, -0.039, -8.019, -0.000, 0.237
16596, 254.389, 1, -14.583, 28.143, 8.093, 0.022, -0.061, -0.000
16596, 254.389, 2, -106.640, -11.385, 0.093, -5.920, 0.001, -0.193
16596, 254.389, 3, -114.210, 45.770, -0.165, 8.116, -0.012, -0.053
16596, 254.389, 4, -84.948, -54.523, 6.084, -3.145, -2.763, 2.994
16600, 254.448, 0, -45.317, -4.743, -0.038, -7.986, 0.038, 0.533
16600, 254.448, 1, -14.110, 28.144, 8.092, 0.022, -0.085, -0.000
16600, 254.448, 2, -106.635, -11.732, 0.093, -5.938, -0.002, -0.331
16600, 254.448, 3, -114.220, 46.245, -0.151, 8.115, 0.446, -0.125
16600, 254.448, 4, -84.602, -54.708, 5.907, -2.971, -2.871, 2.771
16604, 254.514, 0, -45.319, -5.270, -0.036, -7.952, 0.017, 0.518
16604, 254.514, 1, -13.577, 28.145, 8.066, 0.022, -0.604, -0.002
16604, 254.514, 2, -106.629, -12.124, 0.093, -5.930, -0.004, 0.547
16604, 254.514, 3, -114.229, 46.781, -0.135, 8.086, 0.151, -0.790
16604, 254.514, 4, -84.223, -54.904, 5.727, -2.806, -2.540, 2.262
16608, 254.573, 0, -45.322, -5.741, -0.034, -7.922, 0.062, 0.499
16608, 254.573, 1, -13.099, 28.147, 8.079, 0.022, 1.728, 0.005
16608, 254.573, 2, -106.623, -12.479, 0.094, -5.968, -0.006, 0.376
16608, 254.573, 3, -114.237, 47.261, -0.128, 8.092, 0.081, 1.362
16608, 254.573, 4, -83.892, -55.071, 5.592, -2.639, -2.221, 3.554
16612, 254.634, 0, -45.324, -6.218, -0.031, -7.891, 0.028, 0.511
16612, 254.634, 1, -12.612, 28.148, 8.069, 0.022, -0.240, -0.001
16612, 254.634, 2, -106.617, -12.840, 0.089, -5.996, -0.151, 0.175
16612, 254.634, 3, -114.245, 47.749, -0.124, 8.082, 0.025, -0.169
16612, 254.634, 4, -83.560, -55.229, 5.531, -2.471, -0.950, 2.071
16616, 254.694, 0, -45.326, -6.696, -0.030, -7.860, 0.014, 0.508
16616, 254.694, 1, -12.123, 28.149, 8.068, 0.022, 0.399, 0.001
16616, 254.694, 2, -106.612, -13.204, 0.085, -5.999, -0.032, -0.281
16616, 254.694, 3, -114.253, 48.239, -0.122, 8.080, 0.017, 0.468
16616, 254.694, 4, -83.229, -55.382, 5.530, -2.381, 0.603, 0.975
16620, 254.759, 0, -45.327, -7.200, -0.030, -7.827, -0.001, 0.511
16620, 254.759, 1, -11.606, 28.151, 8.057, 0.022, -0.292, -0.001
16620, 254.759, 2, -106.607, -13.589, 0.083, -5.997, -0.028, 0.198
16620, 254.759, 3, -114.261, 48.758, -0.122, 8.069, -0.009, -0.403
16620, 254.759, 4, -82.875, -55.540, 5.606, -2.333, 1.494, 0.518
16624, 254.819, 0, -45.329, -7.672, -0.029, -7.797, 0.012, 0.508
16624, 254.819, 1, -11.120, 28.152, 8.061, 0.022, 0.423, 0.001
16624, 254.819, 2, -106.602, -13.952, 0.082, -6.005, -0.004, -0.664
16624, 254.819, 3, -114.268, 49.246, -0.123, 8.079, -0.029, 0.350
16624, 254.819, 4, -82.535, -55.686, 5.757, -2.336, 3.623, -0.533
16628, 254.879, 0, -45.331, -8.136, -0.028, -7.766, 0.026, 0.506
16628, 254.879, 1, -10.640, 28.153, 8.068, 0.022, 0.153, 0.000
16628, 254.879, 2, -106.597, -14.310, 0.081, -6.022, -0.002, -0.307
16628, 254.879, 3, -114.276, 49.728, -0.123, 8.088, 0.005, 0.157
16628, 254.879, 4, -82.189, -55.832, 5.957, -2.366, 3.520, -0.675
16631, 254.937, 0, -45.333, -8.602, -0.029, -8.125, -0.025, -6.149
16631, 254.937, 1, -10.168, 28.155, 8.036, 0.022, -0.974, -0.003
16631, 254.937, 2, -106.592, -14.662, 0.081, -6.006, -0.002, 0.271
16631, 254.937, 3, -114.283, 50.202, -0.123, 8.089, -0.006, 0.461
16631, 254.937, 4, -81.838, -55.975, 6.071, -2.343, 1.334, 1.156
16634, 254.997, 0, -45.334, -9.101, -0.030, -8.491, -0.020, -6.081
16634, 254.997, 1, -9.685, 28.156, 8.039, 0.022, -1.337, -0.004
16634, 254.997, 2, -106.587, -15.023, 0.081, -6.022, -0.016, 0.739
16634, 254.997, 3, -114.290, 50.687, -0.123, 8.104, -0.001, 0.034
16634, 254.997, 4, -81.470, -56.118, 6.204, -2.231, 0.095, 2.038
16637, 255.051, 0, -45.336, -9.567, -0.030, -8.801, -0.008, -5.438
16637, 255.051, 1, -9.251, 28.157, 8.082, 0.022, -0.511, -0.001
16637, 255.051, 2, -106.583, -15.348, 0.080, -6.040, -0.020, 0.739
16637, 255.051, 3, -114.297, 51.123, -0.125, 8.094, -0.021, -0.274
16637, 255.051, 4, -81.137, -56.242, 6.229, -2.152, -1.448, 1.790
16641, 255.119, 0, -45.338, -10.170, -0.030, -8.555, 0.043, 14.589
16641, 255.119, 1, -8.699, 28.159, 8.069, 0.022, -0.829, -0.002
16641, 255.119, 2, -106.577, -15.760, 0.080, -6.020, -0.017, 0.988
16641, 255.119, 3, -114.305, 51.676, -0.114, 8.074, 0.161, -0.795
16641, 255.119, 4, -80.720, -56.392, 6.087, -2.030, -2.723, 1.842
16644, 255.174, 0, -45.339, -10.595, -0.021, -7.120, 0.188, 29.812
16644, 255.174, 1, -8.262, 28.160, 8.050, 0.023, -0.393, 0.021
16644, 255.174, 2, -106.573, -16.087, 0.080, -5.997, -0.004, 0.433
16644, 255.174, 3, -114.311, 52.115, -0.109, 8.056, 0.083, -0.533
16644, 255.174, 4, -80.399, -56.504, 5.903, -1.926, -3.284, 1.869
16647, 255.224, 0, -45.340, -10.912, -0.015, -5.581, 0.097, 30.444
16647, 255.224, 1, -7.856, 28.161, 8.063, 0.024, 1.524, 0.011
16647, 255.224, 2, -106.569, -16.389, 0.079, -5.975, -0.004, 0.711
16647, 255.224, 3, -114.317, 52.522, -0.106, 8.067, -0.008, 1.739
16647, 255.224, 4, -80.109, -56.603, 5.706, -1.811, -4.951, 3.052
16651, 255.286, 0, -45.341, -11.198, -0.006, -4.122, 0.171, 9.311
16651, 255.286, 1, -7.362, 28.163, 8.075, 0.024, 0.393, 0.010
16651, 255.286, 2, -106.564, -16.758, 0.080, -6.036, 0.000, -0.959
16651, 255.286, 3, -114.323, 53.017, -0.104, 8.078, -0.006, 0.248
16651, 255.286, 4, -79.768, -56.714, 5.508, -1.611, -3.026, 2.584
16655, 255.345, 0, -45.341, -11.439, 0.002, -4.231, 0.063, -6.925
16655, 255.345, 1, -6.883, 28.164, 8.091, 0.024, 0.275, -0.017
16655, 255.345, 2, -106.559, -17.116, 0.080, -6.061, 0.018, -0.309
16655, 255.345, 3, -114.329, 53.496, -0.104, 8.093, -0.020, 0.325
16655, 255.345, 4, -79.451, -56.811, 5.344, -1.480, -2.785, 1.882
16659, 255.406, 0, -45.341, -11.710, 0.002, -4.658, -0.030, -7.015
16659, 255.406, 1, -6.387, 28.165, 8.096, 0.024, -0.044, -0.000
16659, 255.406, 2, -106.554, -17.489, 0.081, -6.078, 0.037, -0.129
16659, 255.406, 3, -114.336, 53.993, -0.104, 8.101, 0.011, -0.004
16659, 255.406, 4, -79.131, -56.904, 5.219, -1.379, -1.688, 1.322
16663, 255.469, 0, -45.341, -12.019, 0.002, -5.109, -0.010, -7.174
16663, 255.469, 1, -5.875, 28.167, 8.093, 0.023, -0.191, -0.027
16663, 255.469, 2, -106.548, -17.874, 0.107, -6.085, 1.482, -0.080
16663, 255.469, 3, -114.342, 54.507, -0.103, 8.102, 0.020, -0.219
16663, 255.469, 4, -78.805, -56.995, 5.167, -1.312, -0.253, 0.763
16667, 255.532, 0, -45.341, -12.353, 0.002, -5.563, 0.003, -7.288
16667, 255.532, 1, -5.370, 28.168, 8.086, 0.023, -0.176, 0.018
16667, 255.532, 2, -106.539, -18.255, 0.196, -6.102, 0.627, 0.380
16667, 255.532, 3, -114.349, 55.014, -0.102, 8.101, -0.025, -0.070
16667, 255.532, 4, -78.484, -57.082, 5.201, -1.279, 0.918, 0.267
16671, 255.593, 0, -45.341, -12.707, 0.004, -6.011, 0.027, -7.364
16671, 255.593, 1, -4.877, 28.170, 8.084, 0.023, 0.064, 0.001
16671, 255.593, 2, -106.527, -18.628, 0.226, -6.110, 0.360, -0.198
16671, 255.593, 3, -114.355, 55.508, -0.104, 8.102, -0.056, 0.150
16671, 255.593, 4, -78.165, -57.164, 5.325, -1.258, 2.819, 0.826
16675, 255.653, 0, -45.341, -13.085, 0.006, -6.458, 0.029, -7.397
16675, 255.653, 1, -4.389, 28.171, 8.081, 0.023, -0.108, -0.000
16675, 255.653, 2, -106.514, -18.998, 0.245, -6.123, 0.187, -0.020
16675, 255.653, 3, -114.362, 55.999, -0.105, 8.099, 0.045, 0.023
16675, 255.653, 4, -77.838, -57.243, 5.526, -1.170, 3.197, 0.506
16678, 255.704, 0, -45.340, -13.422, 0.007, -6.832, 0.035, -7.398
16678, 255.704, 1, -3.982, 28.172, 8.063, 0.023, -0.177, -0.001
16678, 255.704, 2, -106.502, -19.307, 0.256, -6.111, 0.232, 0.021
16678, 255.704, 3, -114.367, 56.407, -0.104, 8.084, 0.016, -0.076
16678, 255.704, 4, -77.557, -57.306, 5.661, -1.133, 3.021, 0.673
16682, 255.768, 0, -45.340, -13.876, 0.009, -7.304, 0.030, -7.370
16682, 255.768, 1, -3.467, 28.174, 8.055, 0.023, -0.254, -0.001
16682, 255.768, 2, -106.487, -19.700, 0.267, -6.147, 0.195, 0.005
16682, 255.768, 3, -114.373, 56.924, -0.100, 8.075, 0.048, -0.345
16682, 255.768, 4, -77.190, -57.385, 5.846, -1.101, 2.332, 0.758
16686, 255.829, 0, -45.339, -14.338, 0.011, -7.752, 0.027, -7.314
16686, 255.829, 1, -2.975, 28.175, 8.055, 0.023, -0.071, -0.000
16686, 255.829, 2, -106.472, -20.075, 0.274, -6.151, 0.143, 0.009
16686, 255.829, 3, -114.379, 57.418, -0.097, 8.076, 0.039, -0.073
16686, 255.829, 4, -76.833, -57.457, 5.890, -1.062, -0.288, 0.873
16689, 255.879, 0, -45.339, -14.737, 0.011, -8.117, 0.018, -7.258
16689, 255.879, 1, -2.572, 28.176, 8.052, 0.022, -0.281, -0.022
16689, 255.879, 2, -106.459, -20.384, 0.277, -6.147, 0.101, 0.192
16689, 255.879, 3, -114.384, 57.823, -0.097, 8.067, 0.021, -0.558
16689, 255.879, 4, -76.541, -57.515, 5.829, -1.022, -1.336, 0.908
16692, 255.931, 0, -45.338, -15.170, 0.013, -8.488, 0.023, -6.993
16692, 255.931, 1, -2.154, 28.177, 8.037, 0.022, -0.599, 0.011
16692, 255.931, 2, -106.446, -20.703, 0.279, -6.127, 0.025, 0.750
16692, 255.931, 3, -114.389, 58.242, -0.097, 8.054, 0.004, -0.606
16692, 255.931, 4, -76.245, -57.571, 5.686, -0.974, -2.883, 0.920
16696, 255.994, 0, -45.337, -15.714, 0.021, -8.702, 0.220, 4.043
16696, 255.994, 1, -1.651, 28.179, 8.055, 0.023, 0.627, 0.002
16696, 255.994, 2, -106.429, -21.087, 0.283, -6.139, 0.044, -0.346
16696, 255.994, 3, -114.395, 58.748, -0.097, 8.076, -0.023, 0.672
16696, 255.994, 4, -75.899, -57.634, 5.453, -0.863, -4.065, 2.744
16700, 256.054, 0, -45.336, -16.217, 0.028, -7.776, 0.038, 20.932
16700, 256.054, 1, -1.162, 28.180, 8.077, 0.024, 0.298, 0.034
16700, 256.054, 2, -106.413, -21.460, 0.287, -6.179, 0.061, -0.881
16700, 256.054, 3, -114.401, 59.239, -0.098, 8.094, 0.001, 0.314
16700, 256.054, 4, -75.578, -57.686, 5.222, -0.677, -3.713, 2.449
16704, 256.114, 0, -45.334, -16.629, 0.024, -6.105, -0.084, 28.378
16704, 256.114, 1, -0.681, 28.182, 8.098, 0.024, 0.579, -0.018
16704, 256.114, 2, -106.397, -21.829, 0.290, -6.192, 0.026, -0.274
16704, 256.114, 3, -114.407, 59.722, -0.098, 8.112, -0.005, 0.524
16704, 256.114, 4, -75.276, -57.729, 5.026, -0.554, -3.357, 1.770
16708, 256.183, 0, -45.333, -17.022, 0.027, -5.632, 0.097, -4.922
16708, 256.183, 1, -0.120, 28.183, 8.096, 0.023, -0.661, -0.002
16708, 256.183, 2, -106.378, -22.258, 0.292, -6.205, 0.039, -0.738
16708, 256.183, 3, -114.414, 60.284, -0.096, 8.127, 0.047, 0.324
16708, 256.183, 4, -74.936, -57.771, 4.866, -0.427, -1.578, 1.603
16712, 256.240, 0, -45.331, -17.350, 0.030, -5.870, 0.025, -3.753
16712, 256.240, 1, 0.344, 28.185, 8.121, 0.024, 1.734, 0.005
16712, 256.240, 2, -106.362, -22.614, 0.294, -6.233, 0.054, -0.715
16712, 256.240, 3, -114.419, 60.749, -0.096, 8.134, -0.031, -0.066
16712, 256.240, 4, -74.660, -57.800, 4.840, -0.361, 0.286, 0.868
16716, 256.299, 0, -45.329, -17.698, 0.031, -6.091, 0.025, -3.926
16716, 256.299, 1, 0.817, 28.186, 8.109, 0.024, -0.175, -0.000
16716, 256.299, 2, -106.344, -22.978, 0.349, -6.246, 2.414, 0.036
16716, 256.299, 3, -114.425, 61.223, -0.096, 8.129, 0.039, -0.134
16716, 256.299, 4, -74.376, -57.826, 4.922, -0.328, 2.000, 0.331
16720, 256.359, 0, -45.327, -18.075, 0.034, -6.353, 0.049, -4.549
16720, 256.359, 1, 1.308, 28.187, 8.090, 0.023, -0.841, -0.002
16720, 256.359, 2, -106.321, -23.356, 0.440, -6.239, 0.864, 0.231
16720, 256.359, 3, -114.431, 61.715, -0.094, 8.112, 0.015, -0.335
16720, 256.359, 4, -74.074, -57.851, 5.084, -0.313, 3.004, 0.131
